{"cameraMode":{"drawMode":0,"name":"Shaded","section":"Shading Mode"},"sceneLighting":true,"audioPlay":false,"sceneViewState":{"m_AlwaysRefresh":false,"showFog":true,"showSkybox":true,"showFlares":true,"showImageEffects":true,"showParticleSystems":true,"showVisualEffectGraphs":true,"m_FxEnabled":true},"in2DMode":false,"pivot":{"x":0.10253416001796723,"y":0.2764790952205658,"z":0.1089915782213211},"rotation":{"x":-0.023998288437724115,"y":0.02758588083088398,"z":-0.0006623908411711454,"w":-0.9993334412574768},"size":1.674607276916504,"orthographic":false}